sen_combo_length	combo_count	rare_count	rare_proportion
1	88	2	0.022727272727272728
2	1873	410	0.2189001601708489
3	10071	5084	0.5048158077648695
4	18289	12834	0.7017332823008365
5	14791	12086	0.8171185180177135
