syn_combo_length	mean_combo_count	count_preservation	mean_proportional_error
1	82.69767441860465	0.9814317657855549	0.0185682342144448
2	10.062884483937115	0.456616102594949	0.5623453745853039
3	3.5610587527571687	0.3639537643786507	0.6472377565179633
4	2.446562786434464	0.409739568274252	0.6005471207661066
5	2.296857670979667	0.5266461804554485	0.4886524187448462
