syn_count_bucket	mean_combo_count	mean_combo_length	count_preservation	mean_proportional_error
640	610	1	0.9983633387888707	0.0016366612111292963
320	206.2	1.25	0.9971732809449232	0.003950914376163321
160	108.74137931034483	2.0689655172413794	0.9678447869267399	0.0375093551122268
80	55.16260162601626	2.5040650406504064	0.9268863196561934	0.07716101161296
40	27.546875	2.8875	0.883039257879102	0.12171429431418246
20	14.537688442211055	3.174204355108878	0.8180429450829673	0.188206143893225
10	1.7553214995949031	3.6860131104073064	0.38779915528653697	0.6250878349665867
