combo_length	sen_rare	sen_rare_pct	sen_unique	sen_unique_pct	sen_risky	sen_risky_pct
1	0	0	2	0.19569471624266144	2	0.19569471624266144
2	0	0	220	21.52641878669276	220	21.52641878669276
3	0	0	398	38.94324853228963	398	38.94324853228963
4	0	0	166	16.2426614481409	166	16.2426614481409
5	0	0	36	3.522504892367906	36	3.522504892367906
